City_ID,City,Country,Date,Lat,Lng,Max Temp,Humidity,Cloudiness,Wind Speed
0,Nemuro,JP,2022-07-29 21:42:56,43.3236,145.575,66.11,94,99,8.84
1,Cayenne,GF,2022-07-29 21:42:25,4.9333,-52.3333,82.09,1,75,1.14
2,Georgetown,MY,2022-07-29 21:38:05,5.4112,100.3354,82.33,95,20,5.75
3,Hobart,AU,2022-07-29 21:40:20,-42.8794,147.3294,40.05,83,20,5.75
4,Ewa Beach,US,2022-07-29 21:42:56,21.3156,-158.0072,85.37,54,40,6.91
5,Port Alfred,ZA,2022-07-29 21:42:57,-33.5906,26.891,56.17,88,15,4.0
6,Kodiak,US,2022-07-29 21:42:57,57.79,-152.4072,56.71,82,100,9.22
7,Albany,US,2022-07-29 21:42:58,42.6001,-73.9662,86.58,45,0,1.01
8,Chenghai,CN,2022-07-29 21:42:58,23.4632,116.768,75.11,94,0,0.0
9,Bredasdorp,ZA,2022-07-29 21:42:59,-34.5322,20.0403,51.4,67,96,6.29
10,Yabrud,SY,2022-07-29 21:42:59,33.9674,36.6574,73.8,28,1,2.1
11,Rikitea,PF,2022-07-29 21:42:59,-23.1203,-134.9692,73.22,72,9,18.7
12,Hermanus,ZA,2022-07-29 21:43:00,-34.4187,19.2345,49.8,68,100,11.68
13,Rybnik,PL,2022-07-29 21:42:25,50.0971,18.5418,67.33,92,69,5.01
14,Thompson,CA,2022-07-29 21:41:40,55.7435,-97.8558,71.76,64,100,10.36
15,Busselton,AU,2022-07-29 21:43:01,-33.65,115.3333,51.24,65,98,22.64
16,Suntar,RU,2022-07-29 21:43:01,62.1444,117.6319,64.65,93,16,4.65
17,Valdez,EC,2022-07-29 21:43:01,1.2492,-78.9831,79.3,82,75,13.11
18,Narsaq,GL,2022-07-29 21:43:02,60.9167,-46.05,62.82,71,87,4.23
19,Los Llanos De Aridane,ES,2022-07-29 21:43:02,28.6585,-17.9182,72.12,75,100,18.41
20,Champerico,GT,2022-07-29 21:43:03,14.3,-91.9167,90.14,78,50,9.22
21,Fortuna,US,2022-07-29 21:43:03,40.5982,-124.1573,69.93,75,40,16.11
22,Port Elizabeth,ZA,2022-07-29 21:43:04,-33.918,25.5701,55.69,86,0,18.41
23,San Patricio,US,2022-07-29 21:43:04,28.017,-97.5169,100.17,45,14,17.87
24,Lumphat,KH,2022-07-29 21:43:04,13.4878,106.9816,73.42,98,97,1.34
25,Northview,US,2022-07-29 21:43:05,43.0456,-85.6006,78.08,53,75,17.27
26,Hay River,CA,2022-07-29 21:43:05,60.8156,-115.7999,62.58,59,75,6.91
27,Punta Arenas,CL,2022-07-29 21:43:06,-53.15,-70.9167,39.31,81,40,37.98
28,Butaritari,KI,2022-07-29 21:43:06,3.0707,172.7902,82.11,74,3,14.32
29,New Norfolk,AU,2022-07-29 21:43:07,-42.7826,147.0587,39.7,87,59,2.98
30,Moerai,PF,2022-07-29 21:43:07,-22.4333,-151.3333,73.92,81,0,24.02
31,Panacan,PH,2022-07-29 21:43:08,9.2463,118.4082,80.2,84,100,6.46
32,Raudeberg,NO,2022-07-29 21:43:08,61.9875,5.1352,56.07,80,100,7.74
33,Jamestown,US,2022-07-29 21:40:57,42.097,-79.2353,76.95,40,0,11.5
34,Avarua,CK,2022-07-29 21:43:04,-21.2078,-159.775,77.05,73,40,11.5
35,Ancud,CL,2022-07-29 21:43:09,-41.8697,-73.8203,49.23,87,63,4.56
36,Kapaa,US,2022-07-29 21:43:09,22.0752,-159.319,82.47,66,20,11.5
37,Yala,TH,2022-07-29 21:43:10,6.3333,101.25,74.08,97,89,2.98
38,Grindavik,IS,2022-07-29 21:43:10,63.8424,-22.4338,51.75,71,40,19.57
39,Acajutla,SV,2022-07-29 21:43:11,13.5928,-89.8275,83.21,75,41,7.2
40,San Cristobal,VE,2022-07-29 21:43:11,7.7669,-72.225,80.78,65,29,4.83
41,Clyde River,CA,2022-07-29 21:43:11,70.4692,-68.5914,43.03,93,100,12.66
42,Hella,NO,2022-07-29 21:43:12,67.2,14.4333,53.76,92,0,5.75
43,Walvis Bay,NA,2022-07-29 21:43:12,-22.9575,14.5053,53.1,71,76,2.3
44,Ushuaia,AR,2022-07-29 21:43:13,-54.8,-68.3,38.86,81,100,16.11
45,Araouane,ML,2022-07-29 21:43:13,18.9048,-3.5265,90.73,42,85,11.34
46,Pevek,RU,2022-07-29 21:44:14,69.7008,170.3133,44.2,75,20,16.15
47,Kedrovyy,RU,2022-07-29 21:44:14,56.1667,91.8167,61.21,97,97,4.0
48,Chuy,UY,2022-07-29 21:44:15,-33.6971,-53.4616,47.19,87,0,5.64
49,Hasaki,JP,2022-07-29 21:44:15,35.7333,140.8333,79.29,86,2,5.66
50,Bandarbeyla,SO,2022-07-29 21:44:15,9.4942,50.8122,75.87,86,88,29.35
51,Hithadhoo,MV,2022-07-29 21:44:16,-0.6,73.0833,78.22,88,100,20.58
52,Tiksi,RU,2022-07-29 21:44:16,71.6872,128.8694,45.64,87,100,5.77
53,Avera,US,2022-07-29 21:44:17,33.194,-82.5271,94.55,43,99,5.5
54,Batagay-Alyta,RU,2022-07-29 21:44:17,67.8006,130.4114,61.23,86,100,3.44
55,Vaini,TO,2022-07-29 21:44:17,-21.2,-175.2,78.96,89,40,11.5
56,Juegang,CN,2022-07-29 21:44:18,32.3174,121.1855,81.91,91,7,7.61
57,Mahebourg,MU,2022-07-29 21:44:18,-20.4081,57.7,68.29,77,75,12.66
58,Dingle,PH,2022-07-29 21:44:19,10.9995,122.6711,77.05,89,82,7.31
59,Russell,US,2022-07-29 21:44:19,32.3502,-85.1999,92.8,55,0,4.61
60,Rundu,NA,2022-07-29 21:44:20,-17.9333,19.7667,58.42,32,9,4.47
61,Erenhot,CN,2022-07-29 21:44:20,43.6475,111.9767,76.62,34,99,18.72
62,Carnarvon,AU,2022-07-29 21:44:20,-24.8667,113.6333,64.22,78,99,18.95
63,Marfino,RU,2022-07-29 21:44:21,55.7028,37.3822,62.94,66,0,8.95
64,Petropavlovsk-Kamchatskiy,RU,2022-07-29 21:44:21,53.0452,158.6483,61.39,67,40,4.47
65,Novyy Svit,UA,2022-07-29 21:44:22,47.8059,38.0211,73.53,49,73,12.68
66,Atuona,PF,2022-07-29 21:44:22,-9.8,-139.0333,76.89,73,17,21.63
67,Trairi,BR,2022-07-29 21:42:52,-3.2778,-39.2689,78.75,80,24,12.75
68,Mataura,NZ,2022-07-29 21:44:23,-46.1927,168.8643,37.47,93,84,0.87
69,Curitibanos,BR,2022-07-29 21:44:23,-27.2828,-50.5844,42.71,89,8,4.85
70,Barrow,US,2022-07-29 21:44:24,71.2906,-156.7887,37.2,82,100,6.76
71,Serebryansk,KZ,2022-07-29 21:44:25,49.6925,83.2892,61.43,76,65,2.01
72,Leshukonskoye,RU,2022-07-29 21:44:25,64.8989,45.7622,59.99,84,8,4.97
73,Palmer,US,2022-07-29 21:44:25,42.1584,-72.3287,88.41,50,40,10.36
74,Tabuk,PH,2022-07-29 21:44:26,17.4189,121.4443,74.68,93,100,2.59
75,Calabozo,VE,2022-07-29 21:44:26,8.9242,-67.4293,82.44,79,35,2.91
76,Mackay,AU,2022-07-29 21:43:44,-21.15,149.2,55.69,70,0,13.0
77,Pinheiro Machado,BR,2022-07-29 21:44:27,-31.5783,-53.3811,45.05,90,2,4.03
78,Airai,TL,2022-07-29 21:44:27,-8.9266,125.4092,53.4,86,42,3.2
79,Sorland,NO,2022-07-29 21:44:27,67.667,12.6934,53.46,88,22,8.3
80,Vuktyl,RU,2022-07-29 21:44:28,63.8567,57.3094,61.75,64,48,1.81
81,Kukes,AL,2022-07-29 21:44:28,42.0769,20.4219,74.21,57,0,4.21
82,Chokurdakh,RU,2022-07-29 21:44:29,70.6333,147.9167,51.58,81,100,9.98
83,Vytegra,RU,2022-07-29 21:44:29,61.0064,36.4481,54.73,97,15,7.4
84,Visby,SE,2022-07-29 21:44:30,57.6409,18.296,55.81,94,1,4.61
85,Provideniya,RU,2022-07-29 21:44:30,64.3833,-173.3,52.92,62,100,3.62
86,Qaanaaq,GL,2022-07-29 21:44:30,77.484,-69.3632,41.99,57,1,0.4
87,Aklavik,CA,2022-07-29 21:45:31,68.2191,-135.0107,44.6,100,100,2.3
88,Kroya,ID,2022-07-29 21:45:31,-7.6331,109.2461,75.69,88,99,6.93
89,Cape Town,ZA,2022-07-29 21:40:53,-33.9258,18.4232,52.21,84,40,6.91
90,Pucallpa,PE,2022-07-29 21:45:32,-8.3791,-74.5539,89.64,51,20,4.61
91,Waddan,LY,2022-07-29 21:45:32,29.1614,16.139,85.32,43,0,13.85
92,Lavrentiya,RU,2022-07-29 21:45:33,65.5833,-171.0,47.41,77,85,9.73
93,Vestmannaeyjar,IS,2022-07-29 21:45:33,63.4427,-20.2734,52.79,87,75,8.05
94,Paamiut,GL,2022-07-29 21:45:34,61.994,-49.6678,46.09,81,95,4.29
95,Severo-Kurilsk,RU,2022-07-29 21:45:34,50.6789,156.125,54.66,87,98,11.07
96,Saint George,US,2022-07-29 21:42:26,37.1041,-113.5841,97.95,31,0,5.99
97,Sangar,RU,2022-07-29 21:45:35,63.9242,127.4739,69.48,64,82,4.18
98,Bulungu,CD,2022-07-29 21:45:35,-4.55,18.6,78.78,34,27,0.6
99,Hobyo,SO,2022-07-29 21:45:36,5.3505,48.5268,75.61,85,99,26.73
100,Camocim,BR,2022-07-29 21:45:36,-2.9022,-40.8411,79.75,76,55,13.06
101,Manakara,MG,2022-07-29 21:45:36,-22.1333,48.0167,63.57,94,22,3.04
102,Kefalos,GR,2022-07-29 21:45:37,36.7453,26.9589,73.62,83,0,8.05
103,Ballina,AU,2022-07-29 21:45:37,-28.8667,153.5667,50.02,79,33,11.59
104,Boffa,GN,2022-07-29 21:45:37,10.1667,-14.0333,76.5,85,97,4.99
105,Buchanan,LR,2022-07-29 21:45:38,5.8808,-10.0467,74.44,75,100,5.99
106,Lebu,CL,2022-07-29 21:45:38,-37.6167,-73.65,48.6,83,16,19.91
107,Cambridge,CA,2022-07-29 21:41:02,43.3601,-80.3127,81.82,40,75,18.41
108,Esna,EG,2022-07-29 21:45:39,25.2934,32.554,89.62,16,52,9.24
109,Nikolskoye,RU,2022-07-29 21:45:39,59.7035,30.7861,60.8,91,99,8.41
110,Aykhal,RU,2022-07-29 21:45:40,66.0,111.5,73.65,50,58,4.63
111,Broome,US,2022-07-29 21:45:40,42.2506,-75.833,84.88,47,20,6.91
112,Puerto Ayora,EC,2022-07-29 21:45:40,-0.7393,-90.3518,76.96,90,82,8.01
113,Port Lincoln,AU,2022-07-29 21:45:41,-34.7333,135.8667,56.3,42,88,19.64
114,Cidreira,BR,2022-07-29 21:45:41,-30.1811,-50.2056,54.57,72,94,14.94
115,Pilar,BR,2022-07-29 21:45:42,-9.5972,-35.9567,75.13,95,51,3.78
116,Kavaratti,IN,2022-07-29 21:45:42,10.5669,72.642,81.34,84,73,17.92
117,Arraial Do Cabo,BR,2022-07-29 21:45:43,-22.9661,-42.0278,66.06,88,100,21.85
118,Sandwich,US,2022-07-29 21:45:43,41.6459,-88.6217,79.81,47,20,12.66
119,Maldonado,UY,2022-07-29 21:45:44,-34.6667,-54.9167,48.22,79,0,5.61
120,Urumqi,CN,2022-07-29 21:45:44,43.801,87.6005,79.75,34,0,4.47
121,Mattru,SL,2022-07-29 21:45:45,7.6244,-11.8332,71.37,83,100,2.93
122,Nanortalik,GL,2022-07-29 21:45:45,60.1432,-45.2371,46.4,84,98,11.81
123,Indianola,US,2022-07-29 21:45:45,41.3581,-93.5574,82.99,48,100,8.88
124,Saint-Philippe,RE,2022-07-29 21:45:46,-21.3585,55.7679,65.79,77,34,11.61
125,Bethel,US,2022-07-29 21:45:46,41.3712,-73.414,85.19,62,20,10.36
126,Zhangye,CN,2022-07-29 21:45:46,38.9342,100.4517,72.23,35,38,6.91
127,Kouango,CF,2022-07-29 21:45:47,4.9934,19.9619,70.72,96,100,2.3
128,Marshall,US,2022-07-29 21:45:47,34.3834,-86.3333,96.51,51,40,6.91
129,Ubinskoye,RU,2022-07-29 21:45:47,55.3068,79.6802,56.26,92,35,9.04
130,Silvan,TR,2022-07-29 21:45:48,38.1419,41.0081,71.89,12,0,1.95
131,Sitka,US,2022-07-29 21:45:48,57.0531,-135.33,58.89,88,100,4.61
132,Lagoa,PT,2022-07-29 21:45:49,39.05,-27.9833,73.02,68,0,1.14
133,Ardatov,RU,2022-07-29 21:46:49,55.2421,43.097,61.83,92,54,5.7
134,Tasiilaq,GL,2022-07-29 21:46:49,65.6145,-37.6368,42.96,77,70,3.44
135,Saskylakh,RU,2022-07-29 21:46:50,71.9167,114.0833,63.61,67,75,3.31
136,Otavi,NA,2022-07-29 21:46:50,-19.65,17.3333,60.67,29,2,1.99
137,Altay,CN,2022-07-29 21:46:51,47.8667,88.1167,65.62,48,83,3.89
138,Mar Del Plata,AR,2022-07-29 21:46:51,-38.0023,-57.5575,59.02,81,0,4.61
139,Khatanga,RU,2022-07-29 21:46:52,71.9667,102.5,63.12,63,47,11.18
140,Palembang,ID,2022-07-29 21:46:52,-2.9167,104.7458,75.29,100,20,2.3
141,Norman Wells,CA,2022-07-29 21:46:53,65.282,-126.8329,66.24,39,40,8.05
142,Sagua De Tanamo,CU,2022-07-29 21:46:53,20.5819,-75.2414,83.21,69,91,6.53
143,Becicherecu Mic,RO,2022-07-29 21:46:54,45.8292,21.0514,72.21,83,9,7.72
144,Daru,PG,2022-07-29 21:46:54,-9.0763,143.2092,77.04,92,99,15.32
145,Eydhafushi,MV,2022-07-29 21:46:54,5.1033,73.0708,81.59,79,80,17.34
146,Noshiro,JP,2022-07-29 21:46:55,40.2039,140.0242,75.99,79,79,3.09
147,Coquimbo,CL,2022-07-29 21:46:56,-29.9533,-71.3436,56.93,82,100,9.22
148,Blackfoot,US,2022-07-29 21:46:56,43.1905,-112.345,94.87,12,97,6.93
149,Northam,GB,2022-07-29 21:46:56,51.0333,-4.2167,61.39,89,97,4.21
150,Saint-Francois,FR,2022-07-29 21:46:57,46.4154,3.9054,67.68,72,0,0.0
151,East London,ZA,2022-07-29 21:46:57,-33.0153,27.9116,62.2,63,3,6.53
152,Lukovetskiy,RU,2022-07-29 21:46:58,64.2956,41.9211,59.97,99,63,3.38
153,Akyab,MM,2022-07-29 21:46:58,20.15,92.9,82.42,81,100,5.82
154,Namatanai,PG,2022-07-29 21:46:58,-3.6667,152.4333,81.39,67,20,7.74
155,Upernavik,GL,2022-07-29 21:46:59,72.7868,-56.1549,42.78,89,100,7.47
156,Pierre,US,2022-07-29 21:46:59,44.3683,-100.351,90.52,35,0,12.66
157,Castro,BR,2022-07-29 21:47:00,-24.7911,-50.0119,48.7,57,0,4.41
158,Sainte-Marie,RE,2022-07-29 21:47:00,-20.8968,55.5496,68.41,85,100,20.71
159,Santarem,BR,2022-07-29 21:47:01,-2.4431,-54.7083,86.13,74,20,3.44
160,Llanes,ES,2022-07-29 21:47:01,43.4198,-4.7549,68.97,87,45,4.23
161,Dikson,RU,2022-07-29 21:47:02,73.5069,80.5464,40.59,96,100,16.22
162,Souillac,MU,2022-07-29 21:47:03,-20.5167,57.5167,68.38,77,75,12.66
163,Beira,MZ,2022-07-29 21:47:03,-19.8436,34.8389,59.09,100,20,6.91
164,Yellowknife,CA,2022-07-29 21:46:08,62.456,-114.3525,68.52,37,75,8.05
165,Khani,GE,2022-07-29 21:47:04,41.9563,42.9566,63.97,95,55,2.84
166,Linfen,CN,2022-07-29 21:47:04,36.0889,111.5189,74.91,77,7,2.8
167,Romitan,UZ,2022-07-29 21:47:05,39.9343,64.3814,75.15,53,0,6.91
168,Sistranda,NO,2022-07-29 21:47:05,63.7256,8.834,53.56,78,97,3.36
169,Jensen Beach,US,2022-07-29 21:47:06,27.2545,-80.2298,89.08,71,40,10.0
170,Kandrian,PG,2022-07-29 21:47:06,-6.2167,149.55,78.82,84,81,2.64
171,Bengkulu,ID,2022-07-29 21:47:06,-3.8004,102.2655,75.47,76,100,3.98
172,Hamilton,US,2022-07-29 21:46:25,39.1834,-84.5333,83.88,50,40,14.97
173,Jacqueville,CI,2022-07-29 21:47:07,5.2052,-4.4146,75.87,79,19,12.73
174,San Juan De Los Lagos,MX,2022-07-29 21:47:07,21.25,-102.3,76.41,50,90,5.66
175,Yenagoa,NG,2022-07-29 21:47:08,4.9247,6.2642,73.6,94,64,4.25
176,Kajaani,FI,2022-07-29 21:47:08,64.2273,27.7285,53.65,94,100,6.91
177,Bluff,NZ,2022-07-29 21:47:09,-46.6,168.3333,37.8,82,95,6.02
178,Conde,BR,2022-07-29 21:47:17,-7.2597,-34.9075,78.26,89,20,9.22
179,Berlevag,NO,2022-07-29 21:48:09,70.8578,29.0864,50.0,81,0,4.61
180,Bubaque,GW,2022-07-29 21:48:10,11.2833,-15.8333,79.23,79,92,17.25
181,Kaitangata,NZ,2022-07-29 21:48:10,-46.2817,169.8464,38.62,78,69,4.07
182,Marystown,CA,2022-07-29 21:48:10,47.1666,-55.1483,61.86,100,100,5.01
183,Esperance,AU,2022-07-29 21:48:11,-33.8667,121.9,50.58,73,20,22.59
184,Yeppoon,AU,2022-07-29 21:48:11,-23.1333,150.7333,55.18,66,98,9.1
185,Kushima,JP,2022-07-29 21:48:12,31.4583,131.2333,81.23,95,84,10.87
186,Hofn,IS,2022-07-29 21:48:12,64.2539,-15.2082,47.75,77,100,23.29
187,Pabna,BD,2022-07-29 21:48:13,24.0,89.25,81.61,82,98,7.36
188,Nhulunbuy,AU,2022-07-29 21:48:13,-12.2333,136.7667,74.01,78,100,11.5
189,Axim,GH,2022-07-29 21:48:13,4.8699,-2.2405,74.73,78,98,8.68
190,Neuquen,AR,2022-07-29 21:48:14,-38.9516,-68.0591,64.29,27,0,4.61
191,Mogadishu,SO,2022-07-29 21:48:14,2.0371,45.3438,75.96,80,67,17.78
192,Talnakh,RU,2022-07-29 21:48:15,69.4865,88.3972,60.21,75,3,4.74
193,Ruwi,OM,2022-07-29 21:48:15,23.5996,58.5507,85.69,79,100,5.03
194,Nome,US,2022-07-29 21:48:15,64.5011,-165.4064,58.15,51,20,12.66
195,Roebourne,AU,2022-07-29 21:48:16,-20.7833,117.1333,65.66,48,5,2.06
196,Adeje,ES,2022-07-29 21:48:16,28.1227,-16.726,75.87,83,20,17.27
197,Luderitz,NA,2022-07-29 21:48:17,-26.6481,15.1594,54.75,76,0,7.47
198,Bambous Virieux,MU,2022-07-29 21:48:17,-20.3428,57.7575,68.25,77,75,12.66
199,Kamenka,RU,2022-07-29 21:48:17,51.3223,42.7678,63.27,87,27,7.43
200,Artvin,TR,2022-07-29 21:48:18,41.1667,41.8333,64.9,82,1,0.74
201,Kavieng,PG,2022-07-29 21:48:18,-2.5744,150.7967,82.51,68,50,12.12
202,Ekibastuz,KZ,2022-07-29 21:48:19,51.6667,75.3667,67.28,77,100,7.16
203,Royan,FR,2022-07-29 21:48:19,45.6285,-1.0281,66.78,89,12,8.46
204,Derzhavinsk,KZ,2022-07-29 21:48:20,51.1,66.3167,61.97,94,100,11.86
205,Padang,ID,2022-07-29 21:48:20,-0.9492,100.3543,73.45,91,100,7.23
206,Coffs Harbour,AU,2022-07-29 21:44:55,-30.3,153.1333,53.56,62,8,9.22
207,Billings,US,2022-07-29 21:48:21,45.7833,-108.5007,98.67,23,20,5.75
208,Faanui,PF,2022-07-29 21:48:21,-16.4833,-151.75,79.21,70,17,25.1
209,Chifeng,CN,2022-07-29 21:48:21,42.2683,118.9636,68.02,87,3,3.62
210,Vao,NC,2022-07-29 21:48:22,-22.6667,167.4833,70.79,82,100,13.96
211,Pangai,TO,2022-07-29 21:48:22,-19.8,-174.35,78.91,83,75,19.57
212,Pitimbu,BR,2022-07-29 21:48:23,-7.4706,-34.8086,79.39,87,86,11.03
213,Bitung,ID,2022-07-29 21:48:23,1.4451,125.1824,76.05,85,70,10.89
214,Moyamba,SL,2022-07-29 21:48:24,8.1667,-12.4333,71.47,82,94,2.75
215,Acari,PE,2022-07-29 21:48:24,-15.4311,-74.6158,69.51,63,11,5.82
216,Bardiyah,LY,2022-07-29 21:48:25,31.7561,25.0865,77.34,78,0,10.31
217,Collie,AU,2022-07-29 21:48:25,-33.3667,116.15,45.3,83,98,11.68
218,Klaksvik,FO,2022-07-29 21:48:26,62.2266,-6.589,54.52,94,100,31.05
219,Sao Joao Da Barra,BR,2022-07-29 21:48:26,-21.6403,-41.0511,75.29,80,17,22.88
220,Yamada,JP,2022-07-29 21:48:27,39.4667,141.95,76.75,85,91,4.0
221,Ponta Do Sol,PT,2022-07-29 21:48:27,32.6667,-17.1,75.0,81,1,4.32
222,Talcahuano,CL,2022-07-29 21:48:28,-36.7167,-73.1167,55.08,76,0,10.36
223,Mahon,ES,2022-07-29 21:48:28,39.8885,4.2658,79.36,69,0,5.75
224,Alta Floresta,BR,2022-07-29 21:48:29,-9.8756,-56.0861,80.02,30,26,3.6
225,Dmytrivka,UA,2022-07-29 21:49:29,45.9717,28.9864,72.37,34,11,7.49
226,Luancheng,CN,2022-07-29 21:49:29,37.8792,114.6517,71.76,85,0,2.66
227,Vila Velha,BR,2022-07-29 21:44:52,-20.3297,-40.2925,78.75,79,0,12.66
228,Port Hedland,AU,2022-07-29 21:49:30,-20.3167,118.5667,55.45,94,2,5.75
229,Cabo San Lucas,MX,2022-07-29 21:49:04,22.8909,-109.9124,91.71,40,20,11.5
230,Lichinga,MZ,2022-07-29 21:49:31,-13.3128,35.2406,53.67,60,16,2.46
231,Leningradskiy,RU,2022-07-29 21:49:31,69.3833,178.4167,45.07,74,100,3.94
232,Hami,CN,2022-07-29 21:48:37,42.8,93.45,84.24,21,86,17.47
233,Hilo,US,2022-07-29 21:49:32,19.7297,-155.09,88.29,78,100,10.36
234,San Jeronimo,PE,2022-07-29 21:49:32,-11.9472,-75.2829,59.54,41,7,8.34
235,Cap Malheureux,MU,2022-07-29 21:49:33,-19.9842,57.6142,67.46,81,83,3.0
236,Rorvik,NO,2022-07-29 21:49:33,64.8621,11.2373,57.18,93,0,2.3
237,Hastings,GB,2022-07-29 21:49:33,50.8552,0.5729,64.78,85,11,6.38
238,Ribeira Grande,PT,2022-07-29 21:49:34,38.5167,-28.7,74.12,70,13,1.83
239,Thabazimbi,ZA,2022-07-29 21:49:34,-24.5917,27.4116,57.45,47,11,4.16
240,Flinders,AU,2022-07-29 21:49:35,-34.5833,150.8552,44.19,74,51,5.99
241,Sao Filipe,CV,2022-07-29 21:49:35,14.8961,-24.4956,77.34,79,80,9.62
242,Tuktoyaktuk,CA,2022-07-29 21:49:35,69.4541,-133.0374,37.4,93,100,18.41
243,Twentynine Palms,US,2022-07-29 21:49:36,34.1356,-116.0542,99.14,30,61,1.99
244,Alugan,PH,2022-07-29 21:49:36,12.2188,125.4808,79.32,86,100,6.93
245,Bilibino,RU,2022-07-29 21:49:36,68.0546,166.4372,54.25,54,19,4.79
246,Tongchuan,CN,2022-07-29 21:49:37,35.0806,109.0897,68.34,88,1,5.06
247,Ugoofaaru,MV,2022-07-29 21:49:37,5.6667,73.0,81.07,80,98,16.06
248,Booue,GA,2022-07-29 21:49:38,-0.0921,11.9385,73.4,74,61,2.98
249,Saldanha,ZA,2022-07-29 21:49:38,-33.0117,17.9442,50.05,66,96,2.66
250,Sterling,US,2022-07-29 21:46:16,39.0062,-77.4286,85.12,82,75,14.97
251,Izazi,TZ,2022-07-29 21:49:39,-7.2,35.7333,69.12,63,18,3.78
252,Dargaville,NZ,2022-07-29 21:49:39,-35.9333,173.8833,56.21,75,40,6.96
253,Khorinsk,RU,2022-07-29 21:49:40,52.1657,109.7726,55.9,88,100,0.45
254,Kayes,ML,2022-07-29 21:49:40,14.0,-11.0,79.23,76,93,8.34
255,Coria,ES,2022-07-29 21:49:41,39.9879,-6.5377,80.26,29,0,4.72
256,Mount Isa,AU,2022-07-29 21:49:41,-20.7333,139.5,55.17,50,4,9.22
257,Gimli,CA,2022-07-29 21:49:41,50.6336,-96.9907,74.39,55,9,10.98
258,Goderich,CA,2022-07-29 21:47:05,43.7501,-81.7165,74.91,56,10,5.75
259,Bambari,CF,2022-07-29 21:49:42,5.768,20.6757,69.76,96,100,1.97
260,Labuhan,ID,2022-07-29 21:49:42,-6.8844,112.2051,74.08,92,61,7.7
261,Rio Grande,BR,2022-07-29 21:49:43,-32.035,-52.0986,55.51,82,51,9.1
262,Newnan,US,2022-07-29 21:47:30,33.3807,-84.7997,92.71,68,100,0.0
263,Nueva Loja,EC,2022-07-29 21:49:43,0.0847,-76.8828,81.48,67,48,1.83
264,Neiafu,TO,2022-07-29 21:49:44,-18.65,-173.9833,79.48,78,40,10.36
265,Villa Union,MX,2022-07-29 21:49:44,23.2,-106.2333,87.22,60,100,8.79
266,Cherskiy,RU,2022-07-29 21:49:45,68.75,161.3,58.95,48,5,17.56
267,Coruripe,BR,2022-07-29 21:49:45,-10.1256,-36.1756,73.29,89,35,6.73
268,Prince Rupert,CA,2022-07-29 21:47:31,54.3161,-130.3201,65.89,88,20,17.27
269,Ilhabela,BR,2022-07-29 21:49:47,-23.7781,-45.3581,63.73,91,100,9.51
270,Hinton,CA,2022-07-29 21:50:47,53.4001,-117.5857,88.34,27,82,5.26
271,Tuatapere,NZ,2022-07-29 21:50:48,-46.1333,167.6833,38.23,96,93,5.06
272,Bonavista,CA,2022-07-29 21:50:48,48.6499,-53.1147,57.36,83,89,12.35
273,Waipawa,NZ,2022-07-29 21:50:49,-41.4122,175.5153,48.38,89,97,5.64
274,Tsarychanka,UA,2022-07-29 21:50:49,48.937,34.4786,63.36,67,28,7.45
275,Chiriqui Grande,PA,2022-07-29 21:50:49,8.95,-82.1167,82.76,73,66,4.05
276,Fare,PF,2022-07-29 21:50:50,-16.7,-151.0167,78.96,69,19,24.7
277,Miraflores,MX,2022-07-29 21:50:50,19.2167,-98.8083,61.97,80,99,3.4
278,Ryotsu,JP,2022-07-29 21:50:50,38.0833,138.4333,80.56,76,1,1.9
279,Luanda,AO,2022-07-29 21:48:10,-8.8368,13.2343,69.8,88,40,8.05
280,Pychas,RU,2022-07-29 21:50:51,56.5033,52.4409,59.16,81,5,2.13
281,Half Moon Bay,US,2022-07-29 21:46:08,37.4636,-122.4286,82.87,73,100,17.27
282,Shenjiamen,CN,2022-07-29 21:50:52,29.9576,122.298,80.92,88,80,5.57
283,Olenegorsk,RU,2022-07-29 21:50:52,68.15,33.3,45.97,89,100,9.06
284,Port Blair,IN,2022-07-29 21:50:53,11.6667,92.75,80.64,89,40,4.61
285,Kelvington,CA,2022-07-29 21:50:53,52.1667,-103.5343,81.48,41,0,10.02
286,Matara,LK,2022-07-29 21:50:53,5.9485,80.5353,76.73,92,100,5.66
287,Nouadhibou,MR,2022-07-29 21:50:54,20.931,-17.0347,71.58,88,39,24.16
288,Dobroye,RU,2022-07-29 21:50:54,52.8678,39.8109,60.13,75,14,5.99
289,Misratah,LY,2022-07-29 21:50:54,32.3754,15.0925,81.46,73,0,8.08
290,Geraldton,AU,2022-07-29 21:47:30,-28.7667,114.6,55.81,67,75,5.75
291,Shache,CN,2022-07-29 21:50:55,38.4167,77.2406,80.71,22,90,8.63
292,Dicabisagan,PH,2022-07-29 21:50:55,17.0818,122.4157,78.57,88,67,4.09
293,Gornyy,RU,2022-07-29 21:50:56,55.1153,83.9059,58.73,95,9,5.32
294,Colac,AU,2022-07-29 21:50:56,-38.3333,143.5833,40.08,90,50,4.72
295,Dombas,NO,2022-07-29 21:50:57,62.0696,9.1235,55.98,71,84,5.39
296,Guiratinga,BR,2022-07-29 21:50:57,-16.3494,-53.7583,75.24,34,77,5.61
297,Pangnirtung,CA,2022-07-29 21:50:58,66.1451,-65.7125,53.6,100,100,0.0
298,Artigas,UY,2022-07-29 21:50:58,-30.4,-56.4667,49.3,75,0,6.15
299,Tamale,GH,2022-07-29 21:50:58,9.4008,-0.8393,75.78,79,100,4.83
300,Tanhacu,BR,2022-07-29 21:50:59,-14.0214,-41.2481,75.9,37,34,0.94
301,Pemangkat,ID,2022-07-29 21:50:59,1.1667,108.9667,79.47,84,100,4.38
302,Along,IN,2022-07-29 21:51:00,28.1667,94.7667,74.53,99,100,1.48
303,Bathsheba,BB,2022-07-29 21:51:00,13.2167,-59.5167,79.41,95,75,8.05
304,Espinosa,BR,2022-07-29 21:51:00,-14.9261,-42.8192,71.11,38,15,4.07
305,Caconda,AO,2022-07-29 21:51:01,-13.7333,15.0667,56.68,33,4,2.21
306,Chapais,CA,2022-07-29 21:51:01,49.7834,-74.8492,60.58,94,100,7.58
307,Lompoc,US,2022-07-29 21:51:02,34.6391,-120.4579,78.85,70,0,16.11
308,Vostok,RU,2022-07-29 21:51:02,46.4856,135.8833,72.0,83,38,4.59
309,Erdenet,MN,2022-07-29 21:51:03,49.0333,104.0833,49.51,81,21,2.51
310,Santa Cruz,BO,2022-07-29 21:51:03,-17.8,-63.1667,69.85,28,100,17.27
311,Nouakchott,MR,2022-07-29 21:50:32,18.0858,-15.9785,80.53,80,49,13.27
312,Brae,GB,2022-07-29 21:51:04,60.3964,-1.353,56.61,87,17,22.59
313,Saint Anthony,US,2022-07-29 21:51:04,45.0205,-93.218,81.88,44,75,12.66
314,Liverpool,GB,2022-07-29 21:49:56,53.4106,-2.9779,66.29,77,20,2.3
315,Ust-Kuyga,RU,2022-07-29 21:51:04,70.0167,135.6,57.22,66,49,5.19
316,Kerman,IR,2022-07-29 21:51:05,30.2832,57.0788,75.06,69,75,4.61
317,Chitral,PK,2022-07-29 21:52:05,35.8462,71.7858,75.65,75,1,2.24
318,Salalah,OM,2022-07-29 21:52:06,17.0151,54.0924,75.13,91,32,7.56
319,Rayong,TH,2022-07-29 21:52:06,12.8333,101.4333,84.79,99,100,5.06
320,Tiarei,PF,2022-07-29 21:52:07,-17.5333,-149.3333,82.42,74,2,23.33
321,Dolores,AR,2022-07-29 21:52:07,-36.3132,-57.6792,49.51,72,0,5.97
322,Sabya,SA,2022-07-29 21:52:07,17.1495,42.6254,89.22,53,94,2.93
323,Shaunavon,CA,2022-07-29 21:52:08,49.6501,-108.4181,88.3,20,0,5.66
324,Kassala,SD,2022-07-29 21:52:08,15.451,36.4,80.87,67,78,11.92
325,Rongcheng,CN,2022-07-29 21:52:09,30.634,117.8517,73.6,90,28,1.77
326,Sao Miguel Do Tapuio,BR,2022-07-29 21:52:09,-5.5036,-41.3233,85.01,40,100,2.37
327,Pinhao,BR,2022-07-29 21:52:09,-25.6956,-51.6597,43.34,81,0,3.38
328,Aswan,EG,2022-07-29 21:52:10,24.0934,32.907,94.3,18,0,5.75
329,Ileza,RU,2022-07-29 21:52:10,61.0533,43.9002,61.47,99,100,4.5
330,Sibu,MY,2022-07-29 21:52:11,2.3,111.8167,75.51,94,40,1.14
331,Constitucion,CL,2022-07-29 21:52:11,-35.3333,-72.4167,52.5,76,82,8.3
332,Kununurra,AU,2022-07-29 21:52:11,-15.7667,128.7333,49.98,87,8,0.0
333,Saurimo,AO,2022-07-29 21:52:12,-9.6608,20.3916,61.39,28,37,4.41
334,Rosbach,DE,2022-07-29 21:52:12,50.8,7.6167,66.24,90,25,1.07
335,Ulfborg,DK,2022-07-29 21:52:13,56.2673,8.3217,61.16,80,61,6.13
336,Vardo,NO,2022-07-29 21:52:13,70.3705,31.1107,49.98,81,100,6.91
337,Vicuna,CL,2022-07-29 21:49:56,-30.0319,-70.7081,68.77,39,86,1.07
338,Charters Towers,AU,2022-07-29 21:52:14,-20.1,146.2667,56.34,73,0,6.38
339,Srednekolymsk,RU,2022-07-29 21:52:14,67.45,153.6833,65.73,34,97,13.11
340,Mount Hagen,PG,2022-07-29 21:52:15,-5.8581,144.2274,56.16,100,20,2.3
341,Tocopilla,CL,2022-07-29 21:52:15,-22.092,-70.1979,61.66,72,32,3.91
342,Mayumba,GA,2022-07-29 21:52:15,-3.432,10.6554,70.32,90,53,2.84
343,Ntoum,GA,2022-07-29 21:52:16,0.3833,9.7833,72.86,88,47,3.18
344,Port Hardy,CA,2022-07-29 21:52:16,50.6996,-127.4199,71.78,68,0,8.05
345,Te Anau,NZ,2022-07-29 21:52:17,-45.4167,167.7167,37.74,89,98,1.01
346,Tezu,IN,2022-07-29 21:52:17,27.9167,96.1667,74.86,94,85,2.93
347,Tigzirt,DZ,2022-07-29 21:52:18,36.8886,4.1198,79.52,73,0,6.46
348,Lorengau,PG,2022-07-29 21:52:18,-2.0226,147.2712,83.41,70,82,11.05
349,Pacific Grove,US,2022-07-29 21:52:18,36.6177,-121.9166,77.38,78,20,12.66
350,Longyearbyen,SJ,2022-07-29 21:52:19,78.2186,15.6401,48.04,81,75,0.0
351,Qaqortoq,GL,2022-07-29 21:52:19,60.7167,-46.0333,47.23,80,85,5.88
352,Sri Aman,MY,2022-07-29 21:52:20,1.2376,111.4621,75.25,100,99,2.3
353,Reshetnikovo,RU,2022-07-29 21:52:20,56.45,36.5667,51.91,95,0,3.47
354,Vanavara,RU,2022-07-29 21:52:20,60.34,102.2797,61.34,93,100,1.86
355,Do Gonbadan,IR,2022-07-29 21:52:21,30.3586,50.7981,78.89,78,20,0.0
356,High Level,CA,2022-07-29 21:50:44,58.5169,-117.136,68.11,64,100,10.36
357,Khabary,RU,2022-07-29 21:52:21,53.6259,79.5345,63.36,79,8,10.74
358,Dubai,AE,2022-07-29 21:49:43,25.2582,55.3047,89.53,62,0,9.22
359,La Ronge,CA,2022-07-29 21:52:22,55.1001,-105.2842,71.82,64,75,10.36
360,Halifax,CA,2022-07-29 21:49:47,44.6453,-63.5724,69.69,97,98,15.01
361,Osorno,CL,2022-07-29 21:50:57,-40.5667,-73.15,50.31,71,40,2.3
362,Whitianga,NZ,2022-07-29 21:52:23,-36.8333,175.7,57.6,73,59,5.66
363,Bose,IT,2022-07-29 21:52:23,45.4612,8.0137,68.74,86,16,3.22
364,Zhigansk,RU,2022-07-29 21:53:23,66.7697,123.3711,64.72,71,33,13.0
365,Taoudenni,ML,2022-07-29 21:53:24,22.6783,-3.9836,105.49,14,50,11.27
366,Khasan,RU,2022-07-29 21:53:24,42.4308,130.6434,71.89,96,82,0.45
367,Sioux Lookout,CA,2022-07-29 21:53:25,50.1001,-91.917,71.67,56,40,5.75
368,Jutai,BR,2022-07-29 21:53:25,-5.1833,-68.9,79.84,75,95,1.54
369,North Bend,US,2022-07-29 21:53:26,43.4065,-124.2243,85.24,81,0,17.27
370,Baglung,NP,2022-07-29 21:53:26,28.2719,83.5898,71.15,95,100,1.07
371,Avon Lake,US,2022-07-29 21:53:26,41.5053,-82.0282,80.78,55,6,3.0
372,Inverness,GB,2022-07-29 21:53:12,57.4791,-4.224,64.83,71,100,9.22
373,Kahului,US,2022-07-29 21:53:27,20.8947,-156.47,89.62,45,20,18.41
374,Labytnangi,RU,2022-07-29 21:53:27,66.6572,66.4183,63.59,86,64,7.52
375,Ko Samui,TH,2022-07-29 21:53:28,9.5357,99.9357,80.04,84,88,13.2
376,Mabaruma,GY,2022-07-29 21:53:28,8.2,-59.7833,75.99,96,17,3.94
377,Evensk,RU,2022-07-29 21:53:29,61.95,159.2333,56.32,59,59,20.42
378,Ngunguru,NZ,2022-07-29 21:53:29,-35.6167,174.5,58.33,70,31,9.73
379,Coos Bay,US,2022-07-29 21:53:30,43.3665,-124.2179,85.32,82,0,17.27
380,Huarmey,PE,2022-07-29 21:53:30,-10.0681,-78.1522,66.04,74,5,9.6
381,Kristinehamn,SE,2022-07-29 21:53:30,59.3098,14.1081,54.16,59,22,0.69
382,Japura,ID,2022-07-29 21:53:31,-0.3167,102.35,74.26,92,98,3.29
383,Cockburn Town,TC,2022-07-29 21:53:31,21.4612,-71.1419,84.16,65,40,18.41
384,Aketi,CD,2022-07-29 21:53:32,2.7388,23.7833,68.18,96,100,1.86
385,Haines Junction,CA,2022-07-29 21:53:32,60.7522,-137.5108,67.95,40,49,3.44
386,Lingao,CN,2022-07-29 21:53:33,19.9103,109.6859,80.49,82,100,2.39
387,Sinnamary,GF,2022-07-29 21:53:33,5.3833,-52.95,78.57,79,82,5.73
388,Mulki,IN,2022-07-29 21:53:33,13.1,74.8,79.88,94,75,4.61
389,Vanimo,PG,2022-07-29 21:53:34,-2.6741,141.3028,77.49,88,98,6.6
390,Camacha,PT,2022-07-29 21:53:34,33.0833,-16.3333,67.42,88,75,12.66
391,Dharchula,IN,2022-07-29 21:53:35,29.85,80.5333,72.63,96,100,1.54
392,Zemio,CF,2022-07-29 21:53:35,5.0314,25.1361,65.61,95,73,2.71
393,Punta Gorda,US,2022-07-29 21:48:49,26.9298,-82.0454,97.05,52,0,13.0
394,Kosh-Agach,RU,2022-07-29 21:53:36,50.0,88.6667,48.36,84,62,0.29
395,Tarare,FR,2022-07-29 21:53:36,45.8976,4.4327,69.82,65,54,2.13
396,Pathein,MM,2022-07-29 21:53:36,16.7833,94.7333,79.43,87,98,5.17
397,Codrington,AU,2022-07-29 21:53:37,-38.2667,141.9667,38.32,80,1,11.56
398,Sabang,ID,2022-07-29 21:53:37,5.8933,95.3214,81.66,75,42,22.3
399,Bowral,AU,2022-07-29 21:53:38,-34.4667,150.4167,37.13,74,6,2.06
400,Meiktila,MM,2022-07-29 21:53:38,20.8667,95.8667,80.2,74,91,9.62
401,Port Alberni,CA,2022-07-29 21:53:38,49.2413,-124.8028,97.88,38,0,2.89
402,Tura,IN,2022-07-29 21:53:39,25.5198,90.2201,73.49,96,61,4.27
403,Irtyshskiy,RU,2022-07-29 21:53:39,58.3333,68.1333,57.72,85,33,6.33
404,Saint-Augustin,CA,2022-07-29 21:53:40,51.226,-58.6502,59.36,88,99,9.73
405,Talakan,RU,2022-07-29 21:53:40,50.3167,130.3667,69.04,96,85,3.24
406,Usoke,TZ,2022-07-29 21:53:41,-5.1667,32.35,74.79,37,98,4.7
407,Sola,VU,2022-07-29 21:53:41,-13.8833,167.55,74.07,94,100,0.0
408,Corn Island,NI,2022-07-29 21:53:41,12.1694,-83.0418,81.68,77,13,18.3
409,Darhan,MN,2022-07-29 21:53:42,49.4867,105.9228,55.27,92,50,4.05
410,San Jose,US,2022-07-29 21:52:34,37.3394,-121.895,87.91,50,40,11.5
411,Warrnambool,AU,2022-07-29 21:54:42,-38.3833,142.4833,39.96,82,9,13.44
412,Ardakan,IR,2022-07-29 21:54:43,32.31,54.0175,81.54,60,93,5.97
413,Payakumbuh,ID,2022-07-29 21:54:43,-0.2202,100.6308,69.13,92,100,3.24
414,Saint-Louis,SN,2022-07-29 21:54:44,16.3333,-15.0,85.64,58,89,17.76
415,Macheng,CN,2022-07-29 21:54:44,31.1783,115.0319,74.97,90,0,3.29
416,Ilulissat,GL,2022-07-29 21:54:44,69.2167,-51.1,45.84,62,100,6.82
417,Baykit,RU,2022-07-29 21:54:45,61.67,96.37,63.48,96,100,3.56
418,Namibe,AO,2022-07-29 21:54:45,-15.1961,12.1522,60.15,89,21,2.73
419,Richards Bay,ZA,2022-07-29 21:54:46,-28.783,32.0377,67.78,62,3,14.7
420,Banikoara,BJ,2022-07-29 21:54:46,11.2985,2.4386,72.7,91,83,4.72
421,Mazara Del Vallo,IT,2022-07-29 21:54:46,37.6641,12.588,84.94,60,0,4.97
422,Inhambane,MZ,2022-07-29 21:54:47,-23.865,35.3833,65.79,80,2,3.53
423,Bud,US,2022-07-29 21:54:47,39.447,-86.1758,83.19,49,73,7.52
424,Kruisfontein,ZA,2022-07-29 21:54:48,-34.0033,24.7314,54.18,77,99,16.42
425,Omsukchan,RU,2022-07-29 21:54:48,62.5333,155.8,54.66,47,53,0.43
426,Faya,SA,2022-07-29 21:54:48,18.3851,42.4509,68.11,60,100,11.83
427,Galle,LK,2022-07-29 21:54:49,6.0367,80.217,78.4,86,98,4.41
428,Roald,NO,2022-07-29 21:54:49,62.5833,6.1333,59.16,93,40,2.3
429,Vestmanna,FO,2022-07-29 21:54:50,62.1564,-7.1664,52.72,100,100,18.41
430,Bouloupari,NC,2022-07-29 21:54:50,-21.8667,166.05,69.71,80,99,3.29
431,Nishihara,JP,2022-07-29 21:54:50,26.1842,127.7558,83.48,87,75,6.91
432,Torbay,CA,2022-07-29 21:54:51,47.6666,-52.7314,60.76,85,75,11.5
433,Troitsko-Pechorsk,RU,2022-07-29 21:54:51,62.7084,56.1964,60.48,75,94,2.04
434,Ati,TD,2022-07-29 21:54:52,13.2154,18.3353,76.19,74,100,11.56
435,Tigil,RU,2022-07-29 21:54:52,57.8,158.6667,48.25,93,100,0.6
436,Asau,RO,2022-07-29 21:54:52,46.4333,26.4,65.32,90,95,3.24
437,Vaitape,PF,2022-07-29 21:54:53,-16.5167,-151.75,79.16,70,17,25.12
438,Isangel,VU,2022-07-29 21:54:53,-19.55,169.2667,77.11,83,100,5.75
439,Storforshei,NO,2022-07-29 21:54:54,66.4043,14.5233,53.65,87,0,3.44
440,Butembo,CD,2022-07-29 21:54:54,0.15,29.2833,58.44,97,100,1.41
441,Foggia,IT,2022-07-29 21:54:55,41.45,15.5333,80.85,78,0,3.44
442,Phonhong,LA,2022-07-29 21:54:55,18.5007,102.4166,76.77,93,100,1.66
443,Tual,ID,2022-07-29 21:54:55,-5.6667,132.75,78.87,87,90,19.28
444,Abramovka,RU,2022-07-29 21:54:56,51.1886,41.0202,61.43,82,40,7.25
445,Sept-Iles,CA,2022-07-29 21:54:56,50.2001,-66.3821,60.06,96,100,11.5
446,Great Bend,US,2022-07-29 21:54:57,38.3645,-98.7648,76.03,55,40,5.75
447,Kismayo,SO,2022-07-29 21:54:57,-0.3582,42.5454,75.45,77,65,14.94
448,Deputatskiy,RU,2022-07-29 21:54:57,69.3,139.9,55.33,79,100,2.35
449,Maningrida,AU,2022-07-29 21:54:58,-12.0667,134.2667,62.13,87,59,10.2
450,Karratha,AU,2022-07-29 21:54:59,-20.7377,116.8463,66.02,54,6,1.99
451,Fez,MA,2022-07-29 21:54:59,34.0372,-4.9998,84.45,44,40,6.91
452,Puerto Escondido,MX,2022-07-29 21:54:59,15.85,-97.0667,82.78,83,95,6.91
453,Middelkerke,BE,2022-07-29 21:55:00,51.1558,2.8418,63.09,85,0,6.91
454,Pimentel,PE,2022-07-29 21:55:00,-6.8367,-79.9342,70.09,60,0,16.11
455,Notse,TG,2022-07-29 21:56:01,6.95,1.1667,72.28,80,100,5.59
456,Xining,CN,2022-07-29 21:56:01,36.6167,101.7667,55.63,64,0,2.89
457,Mvomero,TZ,2022-07-29 21:56:01,-6.25,38.6667,69.22,93,75,2.66
458,Najran,SA,2022-07-29 21:56:02,17.4924,44.1277,90.25,46,91,7.52
459,Lodja,CD,2022-07-29 21:56:02,-3.4833,23.4333,72.37,70,90,3.15
460,Kuytun,RU,2022-07-29 21:56:03,54.3419,101.5036,58.05,94,100,4.85
461,Guerrero Negro,MX,2022-07-29 21:56:04,27.9769,-114.0611,78.73,55,86,13.22
462,Los Angeles,US,2022-07-29 21:53:00,34.0522,-118.2437,101.8,53,0,12.66
463,Ongandjera,NA,2022-07-29 21:56:04,-17.8833,15.0667,65.64,23,10,5.37
464,San Isidro,PE,2022-07-29 21:56:05,-12.1167,-77.05,64.02,77,75,5.75
465,Nyandoma,RU,2022-07-29 21:56:05,61.669,40.1991,53.1,98,87,4.38
466,Gobabis,NA,2022-07-29 21:56:05,-22.45,18.9667,53.37,31,54,4.05
467,Tessalit,ML,2022-07-29 21:56:06,20.1986,1.0114,93.42,26,95,6.42
468,Yulara,AU,2022-07-29 21:56:06,-25.2406,130.9889,48.42,35,92,3.71
469,Nuevo Ideal,MX,2022-07-29 21:56:07,24.8875,-105.0728,73.62,45,97,12.5
470,Winona,US,2022-07-29 21:56:07,43.9666,-91.7668,78.67,50,75,6.91
471,San Martin,AR,2022-07-29 21:56:08,-33.081,-68.4681,64.94,28,97,4.5
472,Knurow,PL,2022-07-29 21:56:08,50.2197,18.6507,67.71,90,67,7.14
473,Marzuq,YE,2022-07-29 21:56:09,14.4,46.4667,81.07,60,53,4.92
474,Newcastle,AU,2022-07-29 21:54:39,-32.9272,151.7765,48.65,78,100,10.36
475,Arlit,NE,2022-07-29 21:56:09,18.7369,7.3853,83.62,43,77,20.78
476,Marawi,PH,2022-07-29 21:56:10,7.9986,124.2928,69.46,92,100,4.79
477,Iqaluit,CA,2022-07-29 21:56:10,63.7506,-68.5145,49.73,76,100,6.91
478,Ukiah,US,2022-07-29 21:56:10,39.1502,-123.2078,106.43,33,4,1.01
479,Basna,IN,2022-07-29 21:56:11,21.2833,82.8167,78.84,85,94,5.79
480,Karatau,KZ,2022-07-29 21:56:12,43.1667,70.4667,72.41,41,69,4.63
481,Puqi,CN,2022-07-29 21:56:12,29.7167,113.8833,75.22,93,0,1.48
482,Jalu,LY,2022-07-29 21:56:12,29.0331,21.5482,83.91,44,0,12.12
483,Bardsir,IR,2022-07-29 21:56:13,29.9227,56.5743,73.4,61,100,8.12
484,Bahir Dar,ET,2022-07-29 21:56:13,11.5936,37.3908,59.81,95,99,2.86
485,Greenwood,US,2022-07-29 21:51:31,34.1668,-82.1165,93.27,75,100,5.75
486,Lakatoro,VU,2022-07-29 21:56:14,-16.0999,167.4164,78.8,82,100,11.36
487,Takoradi,GH,2022-07-29 21:55:18,4.8845,-1.7554,74.26,78,97,10.0
488,Lata,PT,2022-07-29 21:56:14,40.1629,-8.3327,62.51,95,1,1.39
489,Mount Pleasant,US,2022-07-29 21:56:15,32.7941,-79.8626,93.34,71,0,14.97
490,Victoria,HK,2022-07-29 21:51:46,22.2855,114.1577,88.32,87,88,4.0
491,Road Town,VG,2022-07-29 21:56:15,18.4167,-64.6167,84.24,74,40,11.5
492,Mattawa,US,2022-07-29 21:56:16,46.7379,-119.9028,104.0,9,0,7.94
493,Yerbogachen,RU,2022-07-29 21:56:16,61.2767,108.0108,60.06,97,100,5.77
494,Juybar,IR,2022-07-29 21:56:17,36.6412,52.9124,74.26,85,4,4.59
495,Pajic Polje,BA,2022-07-29 21:56:17,43.9758,17.5275,67.75,68,55,3.89
496,Fairbanks,US,2022-07-29 21:56:18,64.8378,-147.7164,69.3,45,40,3.44
497,Caala,AO,2022-07-29 21:56:18,-12.8525,15.5606,57.94,26,0,1.45
498,Kalmunai,LK,2022-07-29 21:57:18,7.4167,81.8167,78.73,81,100,7.81
499,Wukari,NG,2022-07-29 21:57:19,7.85,9.7833,73.63,84,94,3.91
500,Kualakapuas,ID,2022-07-29 21:57:19,-3.0091,114.3876,74.26,98,84,3.2
501,Verkhnetulomskiy,RU,2022-07-29 21:57:20,68.6073,31.7962,48.33,85,100,7.87
502,Blythe,US,2022-07-29 21:54:02,33.6103,-114.5964,98.04,26,63,7.76
503,Tautira,PF,2022-07-29 21:57:20,-17.7333,-149.15,77.54,75,13,23.33
504,Darlawn,IN,2022-07-29 21:57:21,24.0167,92.9,68.02,99,87,2.37
505,Nioro,GM,2022-07-29 21:57:21,13.35,-15.75,77.11,87,78,8.72
506,Dullewala,PK,2022-07-29 21:57:22,31.8359,71.4362,88.05,68,10,6.38
507,Ixtapa,MX,2022-07-29 21:57:07,20.7,-105.2,89.22,70,87,3.0
508,Murud,IN,2022-07-29 21:57:22,18.3258,72.965,79.65,88,85,5.48
509,Usinsk,RU,2022-07-29 21:57:22,65.9939,57.5281,64.42,88,97,9.73
510,Fayaoue,NC,2022-07-29 21:57:23,-20.65,166.5333,72.1,90,100,7.4
511,Guanica,PR,2022-07-29 21:57:23,17.9716,-66.908,86.05,78,27,11.59
512,Oyama,JP,2022-07-29 21:57:24,36.3,139.8,84.58,76,46,3.27
513,Acapulco,MX,2022-07-29 21:57:24,16.8634,-99.8901,84.49,73,54,5.88
514,Xai-Xai,MZ,2022-07-29 21:57:24,-25.0519,33.6442,60.78,92,1,7.11
515,Sumbe,AO,2022-07-29 21:57:25,-11.2061,13.8437,68.23,85,0,6.89
516,Vangaindrano,MG,2022-07-29 21:57:25,-23.35,47.6,64.2,92,24,0.74
517,El Dorado,US,2022-07-29 21:57:26,38.7666,-120.5177,100.63,28,40,1.99
518,Progreso,MX,2022-07-29 21:57:26,21.2833,-89.6667,73.51,75,35,18.16
519,Meulaboh,ID,2022-07-29 21:57:26,4.1363,96.1285,75.87,85,100,2.39
520,Bani,DO,2022-07-29 21:57:27,18.2833,-70.3333,78.24,63,26,13.8
521,Linhares,BR,2022-07-29 21:57:27,-19.3911,-40.0722,71.44,74,32,6.38
522,Cam Ranh,VN,2022-07-29 21:57:28,11.9214,109.1591,80.56,83,40,2.3
523,Kiama,AU,2022-07-29 21:57:28,-34.6833,150.8667,54.0,74,58,1.99
524,Boromo,BF,2022-07-29 21:57:28,11.75,-2.9333,74.05,91,100,6.33
525,Eixo,PT,2022-07-29 21:57:29,40.6276,-8.5692,65.86,85,3,0.72
526,Bridlington,GB,2022-07-29 21:57:29,54.0831,-0.1919,62.89,80,62,13.24
527,Laela,TZ,2022-07-29 21:57:29,-8.5667,32.05,61.57,56,52,4.09
528,Sur,OM,2022-07-29 21:56:20,22.5667,59.5289,82.4,72,100,12.19
529,Merrill,US,2022-07-29 21:57:30,45.1805,-89.6835,76.89,51,75,8.05
530,Anloga,GH,2022-07-29 21:57:31,5.7947,0.8973,75.29,80,88,13.44
531,Wanning,CN,2022-07-29 21:57:31,18.8003,110.3967,79.57,84,100,5.68
532,Ostersund,SE,2022-07-29 21:57:31,63.1792,14.6357,57.65,62,75,5.75
533,Norden,DE,2022-07-29 21:57:32,53.6,7.2,64.96,80,95,11.88
534,Kihei,US,2022-07-29 21:57:32,20.785,-156.4656,83.07,56,48,2.04
535,Tucupita,VE,2022-07-29 21:57:32,9.0622,-62.051,76.51,95,90,4.32
536,Kapoeta,SS,2022-07-29 21:57:33,4.7717,33.5903,73.65,72,99,7.14
537,Loei,TH,2022-07-29 21:57:33,17.4167,101.5,70.12,91,100,3.53
538,Hudson Bay,CA,2022-07-29 21:57:34,52.85,-102.3842,84.7,39,0,11.03
539,Savannah Bight,HN,2022-07-29 21:57:34,16.45,-85.85,82.51,78,12,20.36
540,Mount Gambier,AU,2022-07-29 21:57:34,-37.8333,140.7667,41.31,72,3,11.07
541,Moose Factory,CA,2022-07-29 21:57:35,51.2585,-80.6094,60.78,94,100,8.05
542,Svetlogorsk,BY,2022-07-29 21:57:35,52.6333,29.7333,56.8,85,58,4.74
543,Roma,US,2022-07-29 21:57:36,43.2128,-75.4557,81.52,52,2,11.01
544,Ust-Maya,RU,2022-07-29 21:58:36,60.4167,134.5333,70.41,68,100,3.62
545,Sovetskiy,RU,2022-07-29 21:58:37,61.3614,63.5842,61.29,62,94,1.07
546,Kysyl-Syr,RU,2022-07-29 21:58:37,63.8986,122.7617,70.97,75,99,4.05
547,Scarborough,GB,2022-07-29 21:53:39,54.2797,-0.4044,60.37,82,73,13.0
548,Baie-Saint-Paul,CA,2022-07-29 21:58:38,47.4411,-70.4986,75.97,55,36,1.01
549,Simbahan,PH,2022-07-29 21:58:39,6.3032,120.5836,82.13,79,96,9.26
550,Batagay,RU,2022-07-29 21:58:39,67.6333,134.6333,66.74,85,91,5.21
551,Banda Aceh,ID,2022-07-29 21:53:59,5.5577,95.3222,79.56,73,92,14.23
552,Peruibe,BR,2022-07-29 21:58:40,-24.32,-46.9983,60.82,83,100,1.9
553,Mayo,US,2022-07-29 21:58:40,38.8876,-76.5119,85.19,83,72,3.98
554,Weligama,LK,2022-07-29 21:58:40,5.9667,80.4167,77.13,90,99,5.08
555,Gornopravdinsk,RU,2022-07-29 21:58:41,60.05,69.9,62.02,78,73,5.03
556,Sharya,RU,2022-07-29 21:58:41,58.3686,45.5144,62.33,98,100,3.22
557,Manaus,BR,2022-07-29 21:58:42,-3.1019,-60.025,81.09,78,75,3.44
558,Iralaya,HN,2022-07-29 21:58:42,15.0,-83.2333,82.51,73,2,9.78
559,Ostrovnoy,RU,2022-07-29 21:58:42,68.0531,39.5131,46.47,97,100,23.04
560,Havre,FR,2022-07-29 21:58:43,49.5833,0.3333,68.2,52,0,2.3
561,Zhigalovo,RU,2022-07-29 21:58:43,54.8097,105.1578,56.64,92,100,1.88
562,Lindome,SE,2022-07-29 21:58:44,57.5667,12.0833,64.96,77,0,2.3
563,Salinopolis,BR,2022-07-29 21:58:44,-0.6136,-47.3561,79.0,85,42,10.04
564,Naze,JP,2022-07-29 21:58:45,28.3667,129.4833,79.72,83,69,17.6
565,Grand Baie,MU,2022-07-29 21:54:35,-20.0182,57.5802,68.47,81,82,4.0
566,Adiake,CI,2022-07-29 21:58:45,5.2863,-3.304,73.74,78,78,8.55
567,Suraabad,AZ,2022-07-29 21:58:46,40.8192,49.4687,76.86,69,0,3.31
568,Tibu,CO,2022-07-29 21:58:46,8.639,-72.7358,86.41,66,47,4.03
569,Kilindoni,TZ,2022-07-29 21:58:47,-7.9139,39.6668,75.02,79,34,10.58
570,Pascagoula,US,2022-07-29 21:58:47,30.3658,-88.5561,87.51,64,100,9.28
571,Brekstad,NO,2022-07-29 21:58:47,63.687,9.6654,59.0,94,0,3.44
572,Pisco,PE,2022-07-29 21:58:48,-13.7,-76.2167,62.65,77,100,5.75
573,Palora,EC,2022-07-29 21:58:48,-1.7,-77.9333,80.71,69,47,0.89
